# REAL HG002 READS. 117,565 reads range-fetched from the GIAB 300x Illumina BAM
# for chr20:2,999,001-3,601,000 and subsampled to 28.9x. Archive verified
# LOSSLESS byte-identical. Sidecar: 117,565 placements, 16,415 reads carrying
# 42,800 deviations.
set,n,arm,both,one,neither
HG002_REAL_READS,400,coordinate,96,303,1
HG002_REAL_READS,400,exact_containment,352,48,0
HG002_REAL_READS,400,mm2_containment,352,48,0
HG002_REAL_READS,400,exact_offset,364,36,0
HG002_REAL_READS,400,mm2_offset,391,9,0
REAL_NEGATIVE_CONTROL,400,coordinate,3,397,0
REAL_NEGATIVE_CONTROL,400,exact_containment,4,396,0
REAL_NEGATIVE_CONTROL,400,mm2_containment,4,396,0
REAL_NEGATIVE_CONTROL,400,exact_offset,8,392,0
REAL_NEGATIVE_CONTROL,400,mm2_offset,21,379,0

# allele balance, mm2+offset arm
set,ref_reads,alt_reads,ratio
HG002_REAL_READS,18072,21695,1.20
REAL_NEGATIVE_CONTROL,20216,161,0.01

# PROBE LENGTH vs ACHIEVABLE TOLERANCE. Pigeonhole search needs k+1 seeds of at
# least MINSEED=12 bp, so k_max = floor(P/12) - 1. Raising CAPS_QUERY_MM on a
# 40 bp probe above 2 is silently capped, which is why k=3..8 were identical.
probe_bp,k_max,het_both,homozygous_false,separation
40,2,391,21,370
60,4,391,15,376
80,5,389,11,378
100,7,383,12,371
120,9,379,10,369
