3001343	C	T
3001373	C	G
3008909	C	T
3012815	C	T
3013136	G	A
3013139	C	T
3013354	A	G
3013473	A	T
3013651	A	G
3017771	G	A
3026606	G	A
3029699	A	G
3033540	C	G
3034048	T	C
3034099	T	C
3034916	T	C
3035689	G	A
3035797	G	A
3036066	T	G
3036198	G	T
3036457	G	A
3037596	A	G
3037607	C	A
3039819	G	A
3040846	G	A
3041122	T	A
3042935	C	T
3043704	A	G
3043800	A	G
3043833	G	A
3044082	A	G
3044098	A	C
3044144	T	C
3044291	C	G
3044345	G	A
3044389	C	T
3044394	G	T
3044628	C	T
3044632	G	A
3044682	C	T
3044810	G	A
3045988	C	T
3046403	C	T
3047635	G	A
3049720	G	C
3049890	T	G
3050155	A	G
3050301	A	G
3050335	C	A
3050393	T	C
3051291	A	G
3051624	T	C
3052552	C	T
3052566	A	G
3053893	G	A
3053969	T	A
3054520	C	T
3054649	T	C
3058899	A	G
3059364	C	T
3059372	C	T
3059477	A	G
3059484	T	C
3059490	G	T
3059493	A	G
3059523	T	C
3060738	G	A
3060786	A	G
3061431	A	C
3061436	A	G
3061508	A	T
3061917	C	T
3061919	T	C
3063161	T	C
3063862	C	T
3065547	A	G
3066362	T	G
3067428	A	C
3068580	A	C
3070467	G	A
3072694	C	G
3073075	A	G
3074835	C	T
3075629	T	C
3076384	A	G
3077861	C	T
3078377	G	T
3079001	A	T
3080352	G	A
3080409	C	A
3081101	A	C
3081270	G	A
3081680	C	T
3085503	T	C
3085522	T	A
3085558	A	T
3085592	G	A
3087305	A	G
3087576	G	A
3088010	G	A
3088938	G	A
3089969	C	A
3090124	A	G
3090848	T	G
3090942	A	G
3090969	T	C
3091110	G	A
3091270	T	C
3091365	T	C
3091413	A	G
3091651	T	C
3092887	G	A
3093221	G	A
3093298	G	A
3095366	C	A
3097522	G	A
3097562	C	T
3098458	C	T
3098510	C	T
3099752	T	C
3100483	G	A
3100862	G	A
3100865	C	T
3104100	C	T
3104928	G	A
3104940	C	T
3105137	C	A
3105301	C	T
3106278	G	A
3106299	C	G
3106453	G	A
3106864	G	C
3107753	C	T
3109407	G	C
3109875	G	A
3112569	G	A
3113452	T	C
3113771	T	C
3114339	C	A
3114478	A	G
3115974	C	T
3116192	T	C
3118690	G	T
3119133	G	A
3119555	T	G
3120400	G	C
3120441	C	T
3125017	C	G
3128578	A	C
3131247	C	A
3132828	T	G
3134072	G	A
3135233	G	T
3135447	G	A
3136288	A	T
3136511	T	C
3137937	T	G
3138134	C	T
3138280	C	A
3138626	C	G
3139166	C	A
3143752	G	A
3144664	T	C
3147024	G	A
3148720	G	A
3148769	C	G
3149176	C	T
3149408	C	T
3150165	T	C
3151345	G	A
3151648	G	A
3151851	T	C
3153503	G	A
3154442	C	G
3154496	T	C
3154525	C	T
3155375	G	A
3155408	C	A
3157098	C	T
3160102	T	C
3160735	T	G
3160845	A	C
3161010	C	T
3161278	G	A
3161379	C	T
3162357	G	A
3163565	T	C
3163635	G	A
3163782	C	G
3163883	A	C
3164686	T	C
3165360	A	G
3165881	C	T
3165887	C	G
3165888	A	G
3166259	C	T
3166537	G	T
3166671	C	T
3167700	A	G
3167857	G	A
3168166	A	G
3168430	A	G
3168631	A	G
3168935	G	A
3168977	G	A
3169729	G	A
3170172	T	C
3170939	G	C
3171628	G	A
3171710	C	T
3172246	A	C
3172584	T	G
3172647	T	A
3172774	G	A
3172807	G	T
3173907	T	C
3174105	C	T
3174268	C	T
3174894	G	C
3175260	C	T
3175556	C	G
3175742	A	G
3176072	C	T
3176443	T	A
3177051	T	C
3177090	A	G
3177099	G	A
3177115	A	G
3177120	G	C
3177150	T	C
3177200	G	A
3180226	T	C
3180403	G	A
3180597	G	T
3180616	G	A
3182469	G	A
3184134	C	T
3184571	T	C
3185313	G	A
3188680	A	C
3193674	G	A
3193687	C	T
3193893	A	C
3196390	G	A
3198568	G	T
3199373	G	A
3199446	G	C
3199703	G	A
3199769	T	C
3200825	T	C
3201860	C	T
3203950	T	A
3205008	T	C
3206068	G	A
3206273	A	G
3207819	T	C
3210692	A	G
3213844	T	C
3214020	G	T
3214126	C	T
3214819	T	G
3215088	C	T
3215548	C	A
3216203	T	C
3216619	T	C
3217475	A	G
3218001	C	T
3218355	C	G
3218634	G	C
3219692	C	T
3219894	A	G
3223225	T	C
3226673	A	G
3229418	C	T
3231134	C	T
3231340	C	G
3231457	C	A
3232099	C	A
3234043	C	T
3235525	C	G
3237547	A	G
3238367	T	C
3238808	A	G
3240932	G	C
3240958	G	C
3241613	C	T
3244105	G	T
3244564	C	T
3245276	T	C
3245340	T	C
3248436	G	A
3249142	G	T
3249662	C	G
3250379	A	T
3251356	A	C
3257799	A	G
3257980	A	G
3258570	T	C
3260231	A	T
3260679	T	C
3261329	A	G
3261487	G	T
3263413	C	G
3264961	T	C
3265359	C	G
3266303	C	T
3267106	G	A
3267172	A	G
3267585	A	G
3269050	C	T
3271855	A	G
3272053	A	C
3273438	T	C
3274156	C	T
3275377	G	C
3276117	G	A
3279263	A	T
3281726	A	G
3282895	T	A
3284846	C	A
3285126	A	T
3285571	G	A
3287121	T	C
3287142	G	T
3288229	G	C
3289194	C	T
3291848	T	C
3292142	C	A
3293135	T	C
3294731	T	G
3296638	C	A
3296639	T	A
3296656	C	A
3301970	G	C
3303992	A	G
3308650	G	A
3309823	G	A
3309865	G	A
3312596	C	T
3314437	A	G
3314702	T	C
3314962	C	A
3316716	T	G
3317761	C	T
3324807	A	G
3324969	A	G
3325265	C	T
3325420	T	C
3325739	T	C
3325992	G	A
3326222	C	T
3331274	C	T
3333445	A	T
3334039	G	A
3334256	T	C
3336977	T	C
3337639	C	T
3339434	T	C
3339445	T	C
3339581	C	T
3340871	C	T
3342643	T	C
3343794	T	A
3344262	A	G
3344584	T	C
3344756	C	T
3344819	G	A
3345618	C	T
3346183	G	T
3346954	T	C
3347297	C	A
3348407	A	G
3348877	G	C
3349190	T	C
3349229	A	G
3349245	C	T
3355228	T	G
3355567	T	C
3357308	G	C
3357346	G	A
3357385	T	C
3357440	G	A
3358520	A	G
3359522	T	C
3359655	C	T
3361908	G	A
3364159	T	C
3366568	T	C
3369365	T	C
3373776	A	G
3374295	C	T
3374731	A	T
3375317	A	G
3375913	T	C
3377722	C	T
3377801	A	G
3377889	C	T
3378186	T	C
3380597	A	G
3383127	C	T
3383221	A	T
3383397	C	G
3384825	T	C
3387785	C	T
3388994	G	T
3389012	A	C
3389745	C	T
3390749	C	A
3390751	A	C
3391191	A	G
3391483	A	G
3391900	G	A
3392871	A	G
3392950	T	G
3393192	G	T
3395823	A	G
3395871	T	G
3396634	C	T
3396816	T	C
3397434	T	C
3398144	C	T
3399746	T	C
3400358	T	C
3400538	A	G
3401128	T	G
3402674	T	G
3402792	T	C
3403824	C	T
3404860	C	G
3406220	G	A
3406412	T	G
3408374	A	G
3410596	C	T
3411569	C	T
3413970	C	T
3415566	A	G
3417990	T	C
3418489	T	C
3418549	T	C
3419052	C	G
3421240	G	T
3421269	A	G
3431097	G	A
3435427	G	A
3435475	C	T
3435808	C	T
3436231	G	A
3437622	A	G
3438134	A	G
3438396	G	A
3441369	C	T
3455069	C	T
3467295	C	T
3479098	G	A
3500614	A	G
3510636	A	T
3520496	C	T
3523756	A	C
3549544	A	C
3551757	C	T
3551896	G	A
3554927	G	A
3555910	T	C
3569484	T	A
3572071	T	G
3583334	C	T
3583666	A	C
3590159	T	C
3594089	A	T
3595061	T	C
3595091	G	A
3597171	A	G
3597596	G	A
3597646	T	C
3597874	T	C
3597979	A	T
3598203	T	C
3599112	A	G
3599717	T	C
