# T5.3 — TETRAPLOID benchmark, 2026-09-03 (v2 truth, supersedes v1)
# Method: Cooke, Wedge & Lunter, "Benchmarking small-variant genotyping in
# polyploids", Genome Research 2022 (PMC8805713). Real GIAB HG003 + HG004 reads
# concatenated (30x each -> ~60x 4-copy sample); truth = union of the two
# individuals' REAL GIAB v4.2.1 calls; confident regions = intersection of both
# individuals' confident BEDs. Nothing simulated.
#
# v1 -> v2 TRUTH CORRECTION: v1 keyed the union on genome position and skipped
# any site where the two samples' REF strings differed. Audit showed that was
# 631 sites, 100% of them indels, all STR loci where the two samples merely used
# different-length representations of the SAME event (e.g. GAT->G vs
# GATATAT->G). That biased the indel truth toward easy indels. v2 normalises
# each individual FIRST (bcftools norm -f -m -any) then unions alleles, dropping
# nothing: 154 in-window indel truth sites vs 130 under v1.
# Effect: CAPSULE indel 0.547 -> 0.555, DiscoSNP++ 0.571 -> 0.553.
#
# Window chr20:3,000,000-3,400,000; 373,982 confident bp; 154,580 reads.
# Truth in window: 605 SNV, 154 indel. Scoring: rtg vcfeval --squash-ploidy,
# identical pipeline both tools, DiscoSNP++ POS off-by-one corrected.
variant_class,tool,TP,FP,FN,precision,recall,F1
SNV,CAPSULE,429,24,144,0.947,0.749,0.836
SNV,DiscoSNP++,373,8,200,0.979,0.651,0.782
INDEL,CAPSULE,48,13,64,0.787,0.429,0.555
INDEL,DiscoSNP++,44,3,68,0.936,0.393,0.553
